time_index,target_time_index,value,target,quantum_reservoir,quantum_reservoir_error,echo_state_network,echo_state_network_error,autoregressive_ridge,autoregressive_ridge_error,random_forest,random_forest_error,persistence,persistence_error
1283,1284.0,0.8375064417079404,0.8008903522063843,0.8008151869706328,-7.516523575146206e-05,0.8022640168167544,0.00137366461037014,0.8012120427347373,0.0003216905283530691,0.801438635820748,0.0005482836143637648,0.8375064417079404,0.03661608950155615
1284,1285.0,0.8008903522063843,0.7650108159599806,0.7649711418761063,-3.967408387428595e-05,0.7659672418252678,0.0009564258652872137,0.7652660953881488,0.00025527942816827576,0.7639436141788263,-0.00106720178115427,0.8008903522063843,0.03587953624640372
1285,1286.0,0.7650108159599806,0.7290595814658618,0.7289881245413818,-7.145692447996232e-05,0.7292265413556414,0.0001669598897795499,0.7291024765095515,4.289504368970576e-05,0.725342768501672,-0.0037168129641897973,0.7650108159599806,0.035951234494118745
1286,1287.0,0.7290595814658618,0.692762142519679,0.6927472206516858,-1.4921867993233917e-05,0.6920249797196868,-0.0007371627999922525,0.6929966324685319,0.00023448994885288954,0.6941837683798364,0.0014216258601573717,0.7290595814658618,0.03629743894618276
1287,1288.0,0.692762142519679,0.6563457856235958,0.6565095560748412,0.00016377045124538192,0.6549918070030363,-0.0013539786205595261,0.6566418894473585,0.0002961038237626612,0.65817135153197,0.0018255659083742382,0.692762142519679,0.036416356896083246
1288,1289.0,0.6563457856235958,0.6204004511614155,0.6208547597385445,0.0004543085771290256,0.6190804998522013,-0.0013199513092142512,0.6205390908141526,0.00013863965273708256,0.6197497715303475,-0.0006506796310680185,0.6563457856235958,0.03594533446218029
1289,1290.0,0.6204004511614155,0.5857870866595046,0.5866012392797486,0.0008141526202439797,0.5852726303067712,-0.0005144563527333945,0.5860964363004081,0.00030934964090345574,0.5830599822434221,-0.002727104416082482,0.6204004511614155,0.03461336450191088
1290,1291.0,0.5857870866595046,0.5537171265156628,0.5548286483259313,0.0011115218102684121,0.5545477078123144,0.0008305812966515891,0.554076082614307,0.00035895609864411426,0.5550727149066537,0.001355588390990814,0.5857870866595046,0.03206996014384178
1291,1292.0,0.5537171265156628,0.5260147121441261,0.5271173616013549,0.0011026494572288215,0.5281906815822677,0.0021759694381415784,0.5257554699964911,-0.0002592421476349527,0.5294515512185789,0.003436839074452802,0.5537171265156628,0.027702414371536754
1292,1293.0,0.5260147121441261,0.505417810317963,0.5059860717003646,0.0005682613824016247,0.5082951216600964,0.002877311342133426,0.5046897271138722,-0.0007280832040907903,0.5066009047496995,0.0011830944317365866,0.5260147121441261,0.02059690182616314
1293,1294.0,0.505417810317963,0.4956431912713169,0.4952144511444457,-0.00042874012687121876,0.4981213878946669,0.0024781966233500263,0.4949920642341809,-0.0006511270371359901,0.49617504413754093,0.0005318528662240363,0.505417810317963,0.00977461904664606
1294,1295.0,0.4956431912713169,0.5008908627575247,0.4994522014149343,-0.0014386613425904082,0.5018781307916498,0.0009872680341250772,0.5003817850074643,-0.0005090777500603716,0.49634805543852334,-0.004542807319001363,0.4956431912713169,-0.0052476714862078055
1295,1296.0,0.5008908627575247,0.5244519501038054,0.5227587442888773,-0.001693205814928156,0.5236032733727829,-0.000848676731022513,0.5242969892080163,-0.00015496089578914685,0.5253331730141111,0.000881222910305679,0.5008908627575247,-0.023561087346280707
1296,1297.0,0.5244519501038054,0.5667057809224814,0.5659360472343798,-0.0007697336881015149,0.5650363457549481,-0.001669435167533262,0.5671528464691722,0.000447065546690828,0.5718972274542728,0.005191446531791488,0.5244519501038054,-0.04225383081867595
1297,1298.0,0.5667057809224814,0.624135711403757,0.6245485757038325,0.00041286430007547725,0.6234357316831016,-0.0006999797206553859,0.6245218530198118,0.00038614161605476927,0.636925023281258,0.012789311877500986,0.5667057809224814,-0.05742993048127565
1298,1299.0,0.624135711403757,0.690641132400097,0.6911663092666975,0.0005251768666005852,0.6917847255627259,0.0011435931626289086,0.6902843894727069,-0.0003567429273900746,0.694842986668011,0.004201854267914085,0.624135711403757,-0.06650542099633994
1299,1300.0,0.690641132400097,0.7599481639242545,0.7597400918466383,-0.00020807207761619484,0.7621250218250186,0.002176857900764162,0.759511718563647,-0.00043644536060749584,0.7626500665985636,0.0027019026743091423,0.690641132400097,-0.06930703152415751
1300,1301.0,0.7599481639242545,0.8271440042754448,0.8265209113160126,-0.0006230929594321921,0.8288935991842562,0.001749594908811436,0.827211505999788,6.750172434322188e-05,0.824456690164479,-0.0026873141109657883,0.7599481639242545,-0.0671958403511903
1301,1302.0,0.8271440042754448,0.8889196403187922,0.8886837522912159,-0.00023588802757634753,0.889502535113416,0.0005828947946238117,0.889034181172169,0.00011454085337680997,0.8840104900667818,-0.004909150252010441,0.8271440042754448,-0.06177563604334746
1302,1303.0,0.8889196403187922,0.9432002456478961,0.943755910855091,0.0005556652071949664,0.942953534829296,-0.00024671081860005994,0.9431955722148284,-4.673433067647892e-06,0.9366581308616702,-0.0065421147862259055,0.8889196403187922,-0.05428060532910384
1303,1304.0,0.9432002456478961,0.9887577201312355,0.9897446321059697,0.000986911974734217,0.9885247765267158,-0.00023294360451975304,0.9889293882756961,0.00017166814446056833,0.9862690140523954,-0.0024887060788401083,0.9432002456478961,-0.045557474483339466
1304,1305.0,0.9887577201312355,1.024994544044927,1.0257361039426134,0.0007415598976863169,1.0253876938353814,0.00039314979045435017,1.025320117421129,0.0003255733762019819,1.0265736761073536,0.001579132062426547,0.9887577201312355,-0.03623682391369154
1305,1306.0,1.024994544044927,1.0518451640543192,1.0521221828862595,0.0002770188319403122,1.052883310850518,0.0010381467961988466,1.052206977697609,0.00036181364328990995,1.0551705793595962,0.0033254153052770796,1.024994544044927,-0.02685062000939209
1306,1307.0,1.0518451640543192,1.069701368505424,1.069871082321007,0.0001697138155829503,1.0709262009561562,0.0012248324507322383,1.0701389317701837,0.00043756326475974383,1.0734356318029854,0.0037342632975614354,1.0518451640543192,-0.017856204451104807
1307,1308.0,1.069701368505424,1.0793338874036589,1.079865554778044,0.0005316673743851474,1.0802077692236316,0.0008738818199727216,1.0797849327934081,0.00045104538974927166,1.0846823947670021,0.005348507363343247,1.069701368505424,-0.00963251889823491
1308,1309.0,1.0793338874036589,1.0818446820597385,1.0829419545338375,0.0010972724740989648,1.0821350473919304,0.00029036533219195526,1.0821977447549844,0.0003530626952459315,1.0841260646410205,0.0022813825812819655,1.0793338874036589,-0.002510794656079618
1309,1310.0,1.0818446820597385,1.0786928216101492,1.080213460834058,0.0015206392239086597,1.0786144315817319,-7.839002841736331e-05,1.0789411133601676,0.0002482917500183923,1.0824549367198641,0.003762115109714914,1.0818446820597385,0.003151860449589261
1310,1311.0,1.0786928216101492,1.0717972733205723,1.0733598600531358,0.0015625867325634868,1.071846839746282,4.95664257096351e-05,1.071867117198694,6.984387812170034e-05,1.0733140947805995,0.0015168214600271845,1.0786928216101492,0.006895548289576947
1311,1312.0,1.0717972733205723,1.0636575702747861,1.064807435635052,0.0011498653602659559,1.0642513096559565,0.0005937393811703551,1.0634318123745785,-0.00022575790020762376,1.0687092179227475,0.005051647647961399,1.0717972733205723,0.00813970304578615
1312,1313.0,1.0636575702747861,1.0573704973453126,1.0577200268666886,0.000349529521376013,1.058506562883657,0.001136065538344333,1.0569285153171408,-0.00044198202817180565,1.0592692812820965,0.0018987839367838877,1.0636575702747861,0.006287072929473503
1313,1314.0,1.0573704973453126,1.0563589797851725,1.0557298470366892,-0.0006291327484833076,1.0575453579975964,0.0011863782124239552,1.0558632662048262,-0.0004957135803462798,1.0607612961572488,0.004402316372076331,1.0573704973453126,0.0010115175601401738
1314,1315.0,1.0563589797851725,1.0636783308226077,1.062210243209221,-0.0014680876133865706,1.0642025696356043,0.0005242388129966802,1.0631658452020218,-0.0005124856205858119,1.0679401204475214,0.004261789624913748,1.0563589797851725,-0.0073193510374351956
1315,1316.0,1.0636783308226077,1.0810279003325514,1.0791134811937235,-0.0019144191388278387,1.080324802680952,-0.0007030976515993714,1.080529996683842,-0.0004979036487093857,1.0797365148706897,-0.0012913854618616938,1.0636783308226077,-0.017349569509943708
1316,1317.0,1.0810279003325514,1.1077250996757149,1.105951126551757,-0.0017739731239578838,1.1056513743489964,-0.0020737253267184563,1.107527924985572,-0.00019717469014279843,1.0990396903126405,-0.008685409363074381,1.0810279003325514,-0.026697199343163502
1317,1318.0,1.1077250996757149,1.1397670967330802,1.1390153463206238,-0.0007517504124563423,1.136994025685414,-0.002773071047666109,1.1403779645203644,0.0006108677872842527,1.1324982856272934,-0.00726881110578681,1.1077250996757149,-0.03204199705736532
1318,1319.0,1.1397670967330802,1.1696536123833334,1.1705981648139108,0.000944552430577339,1.1678490249647648,-0.0018045874185685928,1.1708932489250905,0.001239636541757072,1.1618031248681737,-0.00785048751515971,1.1397670967330802,-0.029886515650253243
1319,1320.0,1.1696536123833334,1.1886032094310004,1.1903682587930664,0.0017650493620660068,1.189109370782739,0.0005061613517385322,1.1889697522216565,0.0003665427906560659,1.1876801404052864,-0.0009230690257140406,1.1696536123833334,-0.018949597047666966
1320,1321.0,1.1886032094310004,1.1908806395208282,1.1914285137773644,0.0005478742565361294,1.192684099200397,0.0018034596795688529,1.1898208233024474,-0.0010598162183808046,1.194643661594594,0.003763022073765665,1.1886032094310004,-0.0022774300898278366
1321,1322.0,1.1908806395208282,1.176251824944755,1.1751716970600454,-0.0010801278847096807,1.1767687202621233,0.0005168953173682045,1.1758239195704239,-0.0004279053743312389,1.1825777576081706,0.006325932663415523,1.1908806395208282,0.014628814576073124
1322,1323.0,1.176251824944755,1.1485377974978512,1.1472801285884253,-0.001257668909425913,1.146685233530925,-0.001852563966926235,1.1492972677481967,0.0007594702503455064,1.1544247270799408,0.005886929582089584,1.176251824944755,0.027714027446903877
1323,1324.0,1.1485377974978512,1.112837174341722,1.112436842482876,-0.0004003318588459148,1.109996623415855,-0.0028405509258671024,1.112962855242106,0.00012568090038400648,1.110606498956023,-0.002230675385699099,1.1485377974978512,0.03570062315612921
1324,1325.0,1.112837174341722,1.0737898694926908,1.0741521952110122,0.00036232571832139904,1.0720047844768537,-0.0017850850158371845,1.0733639561536044,-0.0004259133390864811,1.0754479707261717,0.0016581012334808687,1.112837174341722,0.039047304849031184
1325,1326.0,1.0737898694926908,1.035034865920141,1.0356088367128975,0.0005739707927565618,1.0351994259437538,0.0001645600236128697,1.0350652302302585,3.036431011760321e-05,1.040050011233574,0.005015145313433056,1.0737898694926908,0.038755003572549906
1326,1327.0,1.035034865920141,0.9992294963361483,0.9997103316970535,0.0004808353609051519,1.0008503024361914,0.001620806100043115,0.9993067678058715,7.727146972313914e-05,0.9961609428693201,-0.0030685534668282166,1.035034865920141,0.03580536958399261
1327,1328.0,0.9992294963361483,0.968168005524563,0.9685572962530345,0.00038929072847160295,0.97017645189404,0.002008446369477057,0.9679777816795602,-0.00019022384500277933,0.9679717271239736,-0.00019627840058933366,0.9992294963361483,0.03106149081158538
1328,1329.0,0.968168005524563,0.9427937742303398,0.943078774198241,0.0002849999679012116,0.9443442765434797,0.001550502313139912,0.9427067131646937,-8.706106564615457e-05,0.9432393983399527,0.00044562410961290766,0.968168005524563,0.025374231294223115
1329,1330.0,0.9427937742303398,0.923062606667086,0.9231689526541567,0.00010634598707071063,0.9238229884755556,0.0007603818084696012,0.9231226207823844,6.001411529843459e-05,0.9215765242090787,-0.0014860824580072984,0.9427937742303398,0.019731167563253882
1330,1331.0,0.923062606667086,0.9077423702452597,0.9077249016206214,-1.746862463836152e-05,0.90779333652914,5.096628388023827e-05,0.9079043650946583,0.00016199484939860564,0.9043521066811516,-0.003390263564108098,0.923062606667086,0.015320236421826228
1331,1332.0,0.9077423702452597,0.8943492575241823,0.8944048563832109,5.5598859028616054e-05,0.8939949211575334,-0.00035433636664883306,0.894790342170122,0.00044108464593972663,0.8894804293976202,-0.004868828126562086,0.9077423702452597,0.01339311272107746
1332,1333.0,0.8943492575241823,0.8794545454137762,0.8797599361694769,0.0003053907557006852,0.8791109193570753,-0.0003436260567009075,0.8800328971171388,0.0005783517033626229,0.8742366198201931,-0.005217925593583139,0.8943492575241823,0.01489471211040605
1333,1334.0,0.8794545454137762,0.8595076542030979,0.8600837316017257,0.0005760773986277501,0.8596044066511761,9.675244807816341e-05,0.8598710056689212,0.0003633514658232251,0.8556393569225992,-0.003868297280498756,0.8794545454137762,0.019946891210678275
1334,1335.0,0.8595076542030979,0.8321393755358263,0.8327515063784388,0.0006121308426124683,0.8328210897342232,0.0006817141983969099,0.8322078721626842,6.84966268579279e-05,0.8335787229709335,0.0014393474351072078,0.8595076542030979,0.02736827866727165
1335,1336.0,0.8321393755358263,0.7974297323323429,0.7977615393469945,0.0003318070146515195,0.7981888059302708,0.0007590735979278174,0.7972391032025877,-0.0001906291297552043,0.8014818554313288,0.004052123098985838,0.8321393755358263,0.034709643203483354
1336,1337.0,0.7974297323323429,0.7580710532760155,0.7583204761824907,0.00024942290647511633,0.7580393581919852,-3.1695084030336496e-05,0.7578218904313034,-0.00024916284471210304,0.7627615750090683,0.004690521733052733,0.7974297323323429,0.039358679056327395
1337,1338.0,0.7580710532760155,0.7181290230777368,0.7189581038101127,0.0008290807323758642,0.7170220941910124,-0.0011069288867244786,0.7180620637295381,-6.695934819878069e-05,0.7222405134650057,0.004111490387268879,0.7580710532760155,0.03994203019827869
1338,1339.0,0.7181290230777368,0.6816697345442699,0.6831900635177789,0.0015203289735089554,0.6801042615905482,-0.0015654729537217804,0.6815197893634177,-0.00014994518085220676,0.683052525273401,0.001382790729131056,0.7181290230777368,0.036459288533466916
1339,1340.0,0.6816697345442699,0.6522593611704824,0.6537983210281733,0.0015389598576908137,0.6510473283275816,-0.0012120328429008342,0.6519365091474352,-0.0003228520230472709,0.6527208232014146,0.0004614620309321138,0.6816697345442699,0.02941037337378749
1340,1341.0,0.6522593611704824,0.6330263333069225,0.6338738930803076,0.0008475597733851314,0.632442287410415,-0.0005840458965075124,0.6328269515717162,-0.00019938173520628322,0.6329731872789368,-5.314602798567325e-05,0.6522593611704824,0.01923302786355996
1341,1342.0,0.6330263333069225,0.6266050394604861,0.6265076466225173,-9.739283796872389e-05,0.6263267656486979,-0.00027827381178813226,0.6264572823481263,-0.00014775711235981426,0.6251449945605546,-0.0014600448999314564,0.6330263333069225,0.0064212938464364155
1342,1343.0,0.6266050394604861,0.634636331000034,0.6338111675296948,-0.0008251634703392297,0.6342126420195564,-0.00042368898047762116,0.6344525087277617,-0.00018382227227231596,0.6242727235171012,-0.010363607482932857,0.6266050394604861,-0.008031291539547958
1343,1344.0,0.634636331000034,0.65702944535841,0.6559296309990766,-0.0010998143593333731,0.6563468010951795,-0.000682644263230503,0.6569870711974426,-4.237416096741775e-05,0.6500489851158446,-0.006980460242565378,0.634636331000034,-0.022393114358375987
1344,1345.0,0.65702944535841,0.6916345519243225,0.6905702936322713,-0.0010642582920512567,0.6909175627418283,-0.0007169891824942987,0.6916121153448385,-2.2436579484086394e-05,0.6919998269217171,0.00036527499739458236,0.65702944535841,-0.034605106565912536
1345,1346.0,0.6916345519243225,0.7348126905171054,0.7337693310074972,-0.0010433595096082104,0.7342162406353336,-0.0005964498817717656,0.7345330546016442,-0.00027963591546120714,0.7335165620695095,-0.0012961284475958568,0.6916345519243225,-0.043178138592782855
1346,1347.0,0.7348126905171054,0.7826036191180373,0.7814749083469341,-0.001128710771103214,0.7819799951825104,-0.0006236239355269513,0.7821897598848848,-0.0004138592331525137,0.7856748869549232,0.003071267836885827,0.7348126905171054,-0.047790928600931926
1347,1348.0,0.7826036191180373,0.8317441735048532,0.8305928914990706,-0.0011512820057826278,0.8308775931497697,-0.0008665803550834683,0.83139175880497,-0.00035241469988323004,0.835346961968324,0.0036027884634708407,0.7826036191180373,-0.04914055438681586
1348,1349.0,0.8317441735048532,0.8801397598792025,0.8791594600136927,-0.0009802998655097372,0.8790348870724572,-0.0011048728067452052,0.8797369081460685,-0.0004028517331339243,0.8795850070362317,-0.000554752842970796,0.8317441735048532,-0.048395586374349264
1349,1350.0,0.8801397598792025,0.9268783675800804,0.9261890702887123,-0.0006892972913680184,0.9256527373605142,-0.0012256302195661206,0.9263587382500023,-0.0005196293300780974,0.9279569657841166,0.0010785982040362185,0.8801397598792025,-0.0467386077008779
1350,1351.0,0.9268783675800804,0.971951909325109,0.9714890503112813,-0.0004628590138276989,0.9704814440009272,-0.0014704653241818244,0.971463238264406,-0.0004886710607030498,0.9731942884311593,0.0012423791060502953,0.9268783675800804,-0.045073541745028645
1351,1352.0,0.971951909325109,1.0156552357641704,1.0153694455271858,-0.0002857902369846066,1.0135409228466112,-0.002114312917559147,1.0153757869235107,-0.00027944884065966846,1.0153788146416103,-0.0002764211225600999,0.971951909325109,-0.043703326439061385
1352,1353.0,1.0156552357641704,1.0576602310873198,1.0578029406871745,0.00014270959985474008,1.0547947343882345,-0.0028654966990853126,1.05778833283157,0.0001281017442502641,1.0575358430878468,-0.00012438799947300794,1.0156552357641704,-0.042004995323149386
1353,1354.0,1.0576602310873198,1.0963595341947316,1.0971594137851857,0.0007998795904540223,1.0934384358161513,-0.0029210983785803446,1.0967779150510957,0.0004183808563640312,1.0935411073035577,-0.002818426891173953,1.0576602310873198,-0.038699303107411875
1354,1355.0,1.0963595341947316,1.1293957166321489,1.130385441992611,0.000989725360462046,1.1274018856032044,-0.0019938310289444594,1.1295014546614193,0.00010573802927038578,1.1245580437295648,-0.004837672902584078,1.0963595341947316,-0.03303618243741724
1355,1356.0,1.1293957166321489,1.155027226180118,1.1554514189758245,0.0004241927957064906,1.154242483509862,-0.0007847426702560778,1.154817305137303,-0.0002099210428150311,1.150471333342062,-0.004555892838056019,1.1293957166321489,-0.02563150954796911
1356,1357.0,1.155027226180118,1.1729675309090932,1.1726686687564591,-0.0002988621526340829,1.1728981588996075,-6.93720094857575e-05,1.1729611501649908,-6.380744102418845e-06,1.171571572740369,-0.0013959581687241762,1.155027226180118,-0.01794030472897523
1357,1358.0,1.1729675309090932,1.1843293949023928,1.183599675244944,-0.0007297196574487241,1.1843862969266254,5.6902024232696746e-05,1.184255677340147,-7.371756224583415e-05,1.1827340901338181,-0.0015953047685746125,1.1729675309090932,-0.011361863993299526
1358,1359.0,1.1843293949023928,1.1912069149235378,1.1902834669572049,-0.0009234479663329243,1.1911370226316578,-6.989229188003598e-05,1.190710209327237,-0.0004967055963007727,1.1935403239343236,0.002333409010785825,1.1843293949023928,-0.006877520021145056
1359,1360.0,1.1912069149235378,1.1962486433869068,1.1951247426600342,-0.0011239007268726287,1.196058328315396,-0.00019031507151079374,1.1956249574309312,-0.0006236859559756169,1.196106147379092,-0.00014249600781490734,1.1912069149235378,-0.005041728463369033
1360,1361.0,1.1962486433869068,1.202219899741222,1.2007884355327931,-0.0014314642084287676,1.2019571090783971,-0.0002627906628247523,1.2016514722421703,-0.0005684274990516158,1.2028544134159838,0.0006345136747618607,1.1962486433869068,-0.005971256354315058
1361,1362.0,1.202219899741222,1.2114629097942045,1.2097549640408207,-0.0017079457533837328,1.2111571440663707,-0.0003057657278338066,1.210867031354771,-0.0005958784394335392,1.2131166773511906,0.0016537675569860966,1.202219899741222,-0.009243010052982559
1362,1363.0,1.2114629097942045,1.225263430061504,1.2234775631344368,-0.00178586692706717,1.225004577719509,-0.00025885234199485296,1.2247319948148734,-0.0005314352466305738,1.2245084618891613,-0.0007549681723426627,1.2114629097942045,-0.013800520267299499
1363,1364.0,1.225263430061504,1.2432507348517359,1.2416698598880174,-0.0015808749637185038,1.2432497968591538,-9.379925820507395e-07,1.2429545520092924,-0.00029618284244348203,1.2380778647974053,-0.005172870054330536,1.225263430061504,-0.017987304790231917
1364,1365.0,1.2432507348517359,1.2630273570600774,1.2619671549638267,-0.0010602020962506842,1.2635799301881727,0.0005525731280953128,1.2630368814697306,9.524409653183241e-06,1.257826111250219,-0.005201245809858479,1.2432507348517359,-0.019776622208341532
1365,1366.0,1.2630273570600774,1.2803204176968201,1.2799747714710732,-0.0003456462257469539,1.2816313925682055,0.0013109748713853175,1.2805848576627772,0.0002644399659570418,1.2751169095257704,-0.005203508171049753,1.2630273570600774,-0.01729306063674274
1366,1367.0,1.2803204176968201,1.2899238054273847,1.2901642557908077,0.00024045036342301707,1.2917899375358537,0.0018661321084689764,1.2901967304964561,0.0002729250690713947,1.2884147321511965,-0.0015090732761882109,1.2803204176968201,-0.009603387730564572
1367,1368.0,1.2899238054273847,1.2872108363400865,1.2877251928612892,0.0005143565212026857,1.2888913902862553,0.001680553946168839,1.2873104605505723,9.962421048581582e-05,1.2894996981043891,0.002288861764302652,1.2899238054273847,0.0027129690872982337
1368,1369.0,1.2872108363400865,1.269417952219413,1.2701056604388854,0.0006877082194725048,1.2701473578377909,0.0007294056183779762,1.2695372509554443,0.00011929873603144792,1.2754963021232095,0.0060783499037966315,1.2872108363400865,0.01779288412067359
1369,1370.0,1.269417952219413,1.2361689330210501,1.2371022794702136,0.0009333464491634302,1.235930666769033,-0.00023826625201706086,1.2363896650221171,0.0002207320010669811,1.2441708768807207,0.008001943859670568,1.269417952219413,0.03324901919836276
1370,1371.0,1.2361689330210501,1.189425034750806,1.190420665094368,0.0009956303435620928,1.1889532448289544,-0.0004717899218515953,1.189410556965755,-1.4477785051036918e-05,1.1938897432835924,0.0044647085327864655,1.2361689330210501,0.046743898270244166
1371,1372.0,1.189425034750806,1.1329679470311096,1.133673609755849,0.0007056627247394864,1.1329483740044635,-1.9573026646124703e-05,1.132771802381031,-0.00019614465007866677,1.137235894025109,0.004267946993999461,1.189425034750806,0.056457087719696375
1372,1373.0,1.1329679470311096,1.0712834696172007,1.0716451343990105,0.0003616647818098784,1.071808746400619,0.0005252767834182936,1.071376996958963,9.352734176237831e-05,1.0738072531347016,0.0025237835175009327,1.1329679470311096,0.06168447741390892
1373,1374.0,1.0712834696172007,1.008358830201518,1.008517437765866,0.00015860756434804557,1.009018958893546,0.000660128692028028,1.0085943520964522,0.0002355218949341431,1.017677981797327,0.009319151595808872,1.0712834696172007,0.0629246394156826
1374,1375.0,1.008358830201518,0.9470824201256438,0.9470939202711555,1.1500145511655901e-05,0.9473224821678586,0.00024006204221482808,0.9471606256233474,7.82054977035429e-05,0.9525217172720125,0.0054392971463687045,1.008358830201518,0.061276410075874255
1375,1376.0,0.9470824201256438,0.8892171496257815,0.8890973713454098,-0.00011977828037168514,0.8887353654100143,-0.000481784215767167,0.8893705155760123,0.00015336595023085486,0.8955015632626069,0.006284413636825414,0.9470824201256438,0.05786527049986234
1376,1377.0,0.8892171496257815,0.8355763190401007,0.8353752388217359,-0.00020108021836473533,0.8345729643305826,-0.0010033547095180673,0.8358931807402465,0.0003168617001458873,0.838747136883958,0.00317081784385731,0.8892171496257815,0.05364083058568081
1377,1378.0,0.8355763190401007,0.7861929478644691,0.7859869550367323,-0.0002059928277368117,0.7852778561352682,-0.0009150917292009009,0.7865062571342675,0.0003133092697983342,0.7928998773092414,0.006706929444772247,0.8355763190401007,0.04938337117563152
1378,1379.0,0.7861929478644691,0.7404785653935527,0.7403111945937267,-0.00016737079982598324,0.7402846693519627,-0.00019389604159003593,0.7408027090012113,0.00032414360765853356,0.7481308217621925,0.007652256368639754,0.7861929478644691,0.045714382470916415
1379,1380.0,0.7404785653935527,0.69745694524564,0.6972923879658282,-0.00016455727981179447,0.6982239003144137,0.0007669550687737781,0.6978123761486913,0.00035543090305134584,0.7005869297805869,0.00312998453494695,0.7404785653935527,0.043021620147912776
1380,1381.0,0.69745694524564,0.6561199832267203,0.65588122746633,-0.00023875576039023017,0.657509882174181,0.001389898947460777,0.6564029382321759,0.0002829550054556096,0.6567699214387379,0.0006499382120176422,0.69745694524564,0.041336962018919676
1381,1382.0,0.6561199832267203,0.6158225606712445,0.6154896437267352,-0.0003329169445093205,0.617076643147155,0.001254082475910523,0.6160385057542761,0.00021594508303157678,0.614561130006281,-0.0012614306649635365,0.6561199832267203,0.04029742255547575
1382,1383.0,0.6158225606712445,0.5765343045474863,0.576210640351273,-0.00032366419621332465,0.5768913396020174,0.0003570350545311074,0.5767629487342394,0.00022864418675305753,0.5778678771926092,0.0013335726451229046,0.6158225606712445,0.03928825612375819
1383,1384.0,0.5765343045474863,0.5388305470272876,0.5387124764838703,-0.00011807054341728129,0.5379760788752515,-0.0008544681520361586,0.539050856631871,0.00022030960458341298,0.5374966280080468,-0.0013339190192408479,0.5765343045474863,0.03770375752019872
1384,1385.0,0.5388305470272876,0.5037047975197778,0.5039506965997052,0.0002458990799273364,0.5019830205661564,-0.0017217769536214123,0.5038842185648887,0.00017942104511092793,0.5070729720344573,0.0033681745146795228,0.5388305470272876,0.035125749507509796
1385,1386.0,0.5037047975197778,0.47242091191472146,0.47301265451514396,0.0005917426004224957,0.4706834273331061,-0.0017374845816153783,0.47257336979623804,0.0001524578815165767,0.4754909591304679,0.003070047215746441,0.5037047975197778,0.03128388560505635
1386,1387.0,0.47242091191472146,0.44657576040993135,0.44727475730966487,0.0006989968997335172,0.44576486889248557,-0.0008108915174457887,0.446614436870145,3.8676460213660224e-05,0.4492751757048342,0.0026994152949028627,0.47242091191472146,0.02584515150479011
1387,1388.0,0.44657576040993135,0.42840972460976734,0.42878789623377495,0.00037817162400760607,0.42906181809844995,0.0006520934886826146,0.4281378146531892,-0.00027190995657816464,0.42639831501173997,-0.0020114095980273694,0.44657576040993135,0.018166035800164015
1388,1389.0,0.42840972460976734,0.42124849429926364,0.4207834485386175,-0.00046504576064615444,0.4230590217257526,0.0018105274264889615,0.4205293354609483,-0.0007191588383153591,0.419105571322123,-0.0021429229771406377,0.42840972460976734,0.007161230310503697
1389,1390.0,0.42124849429926364,0.42964858423087576,0.42805383252757595,-0.0015947517032998126,0.4313253759363914,0.0016767917055156567,0.4285936916679426,-0.001054892562933174,0.4285390391353965,-0.0011095450954792807,0.42124849429926364,-0.00840008993161212
1390,1391.0,0.42964858423087576,0.4583205143077637,0.45626380088309126,-0.0020567134246724517,0.4582397207108587,-8.079359690499333e-05,0.45761471708239315,-0.0007057972253705636,0.4501933591090967,-0.008127155198667024,0.42964858423087576,-0.028671930076887953
1391,1392.0,0.4583205143077637,0.5091299334125364,0.5086255228503642,-0.0005044105621722084,0.507006949986442,-0.0021229834260944047,0.5098149658465494,0.0006850324340129665,0.496773151487229,-0.012356781925307425,0.4583205143077637,-0.05080941910477271
1392,1393.0,0.5091299334125364,0.5780552094050643,0.5805999033422533,0.0025446939371890354,0.5758621454633767,-0.002193063941687612,0.5796296037971063,0.001574394392041989,0.5625598196105938,-0.015495389794470515,0.5091299334125364,-0.06892527599252785
1393,1394.0,0.5780552094050643,0.6561028943793797,0.6598624780046267,0.003759583625246976,0.6559519280567809,-0.00015096632259881115,0.6562240695350532,0.0001211751556734475,0.6481144861023517,-0.00798840827702807,0.5780552094050643,-0.07804768497431547
1394,1395.0,0.6561028943793797,0.7338277545426304,0.7356172293979116,0.0017894748552812478,0.7353683555158874,0.0015406009732570336,0.732786613066273,-0.0010411414763573656,0.7295343506022625,-0.004293403940367924,0.6561028943793797,-0.07772486016325064
1395,1396.0,0.7338277545426304,0.8046717687704188,0.8039386967378672,-0.0007330720325515738,0.8059088415444078,0.0012370727739889897,0.8048892508517786,0.00021748208135985436,0.7988657561631385,-0.005806012607280309,0.7338277545426304,-0.07084401422778841
1396,1397.0,0.8046717687704188,0.8653073548108594,0.8636890259968444,-0.0016183288140150243,0.8651096841087437,-0.00019767070211573756,0.8661155252680999,0.0008081704572404647,0.8624011001922144,-0.002906254618645021,0.8046717687704188,-0.060635586040440614
1397,1398.0,0.8653073548108594,0.9145692974813364,0.9137658021722944,-0.0008034953090420016,0.9135241115297291,-0.001045185951607297,0.914650835802871,8.153832153456886e-05,0.913844521081612,-0.0007247763997244583,0.8653073548108594,-0.04926194267047701
1398,1399.0,0.9145692974813364,0.9524244356103957,0.9528002882716039,0.00037585266120820915,0.9518426650483389,-0.0005817705620567715,0.9526064804089547,0.00018204479855898903,0.9538973253277545,0.0014728897173588162,0.9145692974813364,-0.037855138129059274
1399,1400.0,0.9524244356103957,0.9793878806515545,0.9799643251047924,0.0005764444532379009,0.9800241975785486,0.0006363169269941737,0.9800503445166006,0.0006624638650460923,0.9766140223346936,-0.0027738583168608333,0.9524244356103957,-0.026963445041158773
1400,1401.0,0.9793878806515545,0.9962899940418015,0.9963132225720828,2.3228530281249604e-05,0.9978316427318745,0.0015416486900730053,0.9969031974388708,0.000613203397069273,1.0005433784557405,0.004253384413938965,0.9793878806515545,-0.016902113390247053
1401,1402.0,0.9962899940418015,1.0042052286114092,1.004014261058876,-0.0001909675525331167,1.0056138392489113,0.0014086106375021945,1.0048257645929337,0.0006205359815245615,1.0056826365759326,0.0014774079645234472,0.9962899940418015,-0.007915234569607632
1402,1403.0,1.0042052286114092,1.0044198591835936,1.0047444530620568,0.00032459387846328625,1.004684070030819,0.0002642108472254989,1.0051712579637695,0.0007513987801759381,1.0074123551221117,0.002992495938518136,1.0042052286114092,-0.0002146305721844044
1403,1404.0,1.0044198591835936,0.9984097667086793,0.9995848147885424,0.001175048079863128,0.9971901628508846,-0.0012196038577947377,0.9990217712928089,0.0006120045841295774,0.9984164761974179,6.709488738598779e-06,1.0044198591835936,0.0060100924749142415
1404,1405.0,0.9984097667086793,0.9878557751827691,0.9896809429325294,0.0018251677497602703,0.9856866790842941,-0.002169096098475043,0.9883127955569874,0.00045702037421824215,0.9898777389157147,0.0020219637329456086,0.9984097667086793,0.010553991525910189
1405,1406.0,0.9878557751827691,0.9747343026999612,0.9766694105306503,0.0019351078306890646,0.9727176040869631,-0.0020166986129981357,0.9750976657385435,0.00036336303858230945,0.9788311984680891,0.004096895768127884,0.9878557751827691,0.013121472482807928
1406,1407.0,0.9747343026999612,0.961495750356056,0.962926326790021,0.0014305764339650473,0.9606551535628524,-0.0008405967932035852,0.9614630856907586,-3.266466529738832e-05,0.9642605554319199,0.002764805075863963,0.9747343026999612,0.013238552343905252
1407,1408.0,0.961495750356056,0.9512574766397809,0.951685336674513,0.0004278600347321637,0.9518769449496082,0.0006194683098272868,0.9507861879920798,-0.0004712886477010736,0.9519142125885962,0.0006567359488153235,0.961495750356056,0.01023827371627506
1408,1409.0,0.9512574766397809,0.9477583591637403,0.9469613405667249,-0.0007970185970154198,0.9491160926439662,0.0013577334802259422,0.9472890875625332,-0.00046927160120713296,0.9461692900446891,-0.0015890691190512118,0.9512574766397809,0.003499117476040592
1409,1410.0,0.9477583591637403,0.9546894852571708,0.9529570885517228,-0.0017323967054480027,0.9554932994101103,0.0008038141529395082,0.9543772415514541,-0.00031224370571669713,0.9482008521341835,-0.006488633122987308,0.9477583591637403,-0.006931126093430495
1410,1411.0,0.9546894852571708,0.9743519698550751,0.9724687650960567,-0.0018832047590183754,0.9736125493540253,-0.0007394205010498034,0.9740539593390026,-0.00029801051607247775,0.9686758936704147,-0.0056760761846603724,0.9546894852571708,-0.019662484597904317
1411,1412.0,0.9743519698550751,1.0062259634180133,1.0050578765078735,-0.0011680869101398095,1.003827419890333,-0.002398543527680319,1.0060685365374866,-0.00015742688052666765,0.9999311788798885,-0.00629478453812482,0.9743519698550751,-0.031873993562938185
1412,1413.0,1.0062259634180133,1.0460107600694772,1.0463409734086655,0.0003302133391882567,1.042878405413897,-0.0031323546555801496,1.0465108585127412,0.0005000984432639299,1.0350324605848351,-0.010978299484642129,1.0062259634180133,-0.03978479665146395
1413,1414.0,1.0460107600694772,1.0858993907596635,1.0879323054684518,0.0020329147087883026,1.0837429254635131,-0.002156465296150323,1.0869186933771202,0.001019302617456752,1.0772946246005595,-0.008604766159103994,1.0460107600694772,-0.03988863069018622
1414,1415.0,1.0858993907596635,1.1174011254975817,1.1196541491130236,0.002253023615441885,1.1172045902951742,-0.00019653520240758837,1.1174104441266148,9.31862903308378e-06,1.1115240323181481,-0.0058770931794336345,1.0858993907596635,-0.031501734737918285
1415,1416.0,1.1174011254975817,1.1354407885524993,1.1360048608263387,0.0005640722738393666,1.1360675805678233,0.000626792015324007,1.134420886664899,-0.0010199018876002608,1.1340156579479914,-0.0014251306045078849,1.1174011254975817,-0.018039663054917554
1416,1417.0,1.1354407885524993,1.1399029303813848,1.1389339714435789,-0.0009689589378059082,1.1394329336527595,-0.0004699967286252438,1.139840491390549,-6.243899083568927e-05,1.146268986394555,0.006366056013170196,1.1354407885524993,-0.004462141828885491
1417,1418.0,1.1399029303813848,1.1340138235339383,1.132910400468264,-0.0011034230656743471,1.132058137723943,-0.001955685809995389,1.13453035963125,0.0005165360973116151,1.1364311790942374,0.002417355560299095,1.1399029303813848,0.005889106847446479
1418,1419.0,1.1340138235339383,1.1220927851273887,1.1216261164007806,-0.00046666872660816594,1.1199338158172043,-0.0021589693101844443,1.1217538989529996,-0.00033888617438915247,1.126595866857754,0.004503081730365288,1.1340138235339383,0.011921038406549567
1419,1420.0,1.1220927851273887,1.1081973095170239,1.1082635475907714,6.623807374750434e-05,1.1072259265571363,-0.0009713829598876345,1.1076754971658576,-0.0005218123511663286,1.110794619161838,0.002597309644814194,1.1220927851273887,0.01389547561036486
1420,1421.0,1.1081973095170239,1.095605117180328,1.0958326678590553,0.00022755067872726187,1.0961789712704622,0.0005738540901341072,1.095472068132358,-0.00013304904797006856,1.0973629914405325,0.0017578742602044617,1.1081973095170239,0.01259219233669584
1421,1422.0,1.095605117180328,1.0866800494640112,1.086939292432994,0.00025924296898272026,1.0881888186368505,0.0015087691728392638,1.0864041929930728,-0.00027585647093841814,1.086441949471674,-0.00023809999233725954,1.095605117180328,0.008925067716316848
1422,1423.0,1.0866800494640112,1.0828252165915304,1.0831314507561518,0.0003062341646213884,1.0843731543841326,0.0015479377926022053,1.0823978887370846,-0.00042732785444576926,1.081252777635484,-0.001572438956046307,1.0866800494640112,0.0038548328724807845
1423,1424.0,1.0828252165915304,1.0844204046041184,1.0846556064493746,0.00023520184525627208,1.0853524517709527,0.0009320471668343711,1.0841393795348497,-0.0002810250692686367,1.0826017727567196,-0.0018186318473987217,1.0828252165915304,-0.0015951880125879558
1424,1425.0,1.0844204046041184,1.090765725029356,1.0907274181160205,-3.830691333561731e-05,1.0907568513199561,-8.873709399948027e-06,1.090500310240134,-0.0002654147892220404,1.088864113875815,-0.0019016111535410385,1.0844204046041184,-0.0063453204252377216
1425,1426.0,1.090765725029356,1.1000997856843007,1.0996641123160342,-0.00043567336826644265,1.0989924888336606,-0.0011072968506400382,1.0998596438001196,-0.00024014188418108873,1.0990930541856792,-0.001006731498621516,1.090765725029356,-0.009334060654944576
1426,1427.0,1.1000997856843007,1.1096990229036119,1.1088967630525652,-0.0008022598510466494,1.1074483530320371,-0.0022506698715747397,1.109760807386656,6.178448304416939e-05,1.1121409639417232,0.0024419410381113504,1.1000997856843007,-0.009599237219311219
1427,1428.0,1.1096990229036119,1.1159438921414218,1.115099954517544,-0.0008439376238777996,1.112927051226189,-0.003016840915232688,1.1163580891840676,0.00041419704264589186,1.1145654402896752,-0.001378451851746565,1.1096990229036119,-0.006244869237809869
1428,1429.0,1.1159438921414218,1.114372100319583,1.1141210127964036,-0.0002510875231793719,1.1118684963835457,-0.002503603936037324,1.11508070662083,0.0007086063012469168,1.1141337532943645,-0.00023834702521852158,1.1159438921414218,0.0015717918218387528
1429,1430.0,1.114372100319583,1.1004358363686233,1.101003477664516,0.0005676412958925958,1.100310184357529,-0.0001256520110943793,1.1010295857373569,0.000593749368733576,1.105130683529011,0.004694847160387594,1.114372100319583,0.013936263950959704
1430,1431.0,1.1004358363686233,1.0718554942599363,1.0721081556442462,0.0002526613843099046,1.0746762373242549,0.002820743064318565,1.0712075887577859,-0.0006479055021504365,1.0880525051421426,0.016197010882206264,1.1004358363686233,0.028580342108686985
1431,1432.0,1.0718554942599363,1.0308874505440375,1.029627895894698,-0.0012595546493394671,1.0345868122299027,0.0036993616858651546,1.0294498071791656,-0.0014376433648719544,1.0510957050351266,0.020208254491089095,1.0718554942599363,0.040968043715898794
1432,1433.0,1.0308874505440375,0.9831906287922118,0.9814193155290074,-0.0017713132632043438,0.985078905988698,0.00188827719648621,0.9832279508145693,3.732202235751103e-05,0.98952858401433,0.006337955222118219,1.0308874505440375,0.04769682175182577
1433,1434.0,0.9831906287922118,0.934654153419427,0.9337873901207272,-0.0008667632986998353,0.9339628486737589,-0.000691304745668142,0.9352773663683767,0.0006232129489496252,0.9538023462054402,0.019148192786013207,0.9831906287922118,0.048536475372784715
1434,1435.0,0.934654153419427,0.8896533200812541,0.8896054000311187,-4.7920050135430436e-05,0.8873140384184305,-0.0023392816628236,0.8892029686336823,-0.0004503514475717729,0.8967247597575111,0.0070714396762570075,0.934654153419427,0.04500083333817295
1435,1436.0,0.8896533200812541,0.850897915919294,0.8510340119856393,0.0001360960663453481,0.8481558041378832,-0.0027421117814108165,0.8507316141310488,-0.00016630178824517117,0.8567074252840529,0.00580950936475888,0.8896533200812541,0.038755404161960105
1436,1437.0,0.850897915919294,0.819698240701505,0.8196796005990763,-1.8640102428690852e-05,0.8174349336236297,-0.002263307077875254,0.8202336774101538,0.0005354367086488621,0.8179019739886697,-0.0017962667128352816,0.850897915919294,0.03119967521778899
1437,1438.0,0.819698240701505,0.7961523271104294,0.7960155643852418,-0.00013676272518758914,0.7948148998308163,-0.001337427279613057,0.796360640354169,0.00020831324373959959,0.7946614822376459,-0.0014908448727835033,0.819698240701505,0.023545913591075607
1438,1439.0,0.7961523271104294,0.7792873035311503,0.7791613704140343,-0.00012593311711595057,0.778884309174316,-0.0004029943568343297,0.77932101500445,3.371147329966906e-05,0.775190654867479,-0.004096648663671321,0.7961523271104294,0.016865023579279104
1439,1440.0,0.7792873035311503,0.7672931314145411,0.7671653338188854,-0.000127797595655732,0.7674083833085696,0.00011525189402850078,0.7675484034108564,0.0002552719963152539,0.7639476944175609,-0.0033454369969802,0.7792873035311503,0.011994172116609136
1440,1441.0,0.7672931314145411,0.7579022147867502,0.7577178691268395,-0.00018434565991076735,0.7579104678799292,8.253093178978155e-06,0.75808727850272,0.00018506371596971327,0.7545497071796856,-0.0033525076070646254,0.7672931314145411,0.009390916627790902
1441,1442.0,0.7579022147867502,0.7488674421357104,0.7486674227213144,-0.00020001941439606874,0.7483384895803833,-0.0005289525553271446,0.7489617167328981,9.427459718769349e-05,0.7472873117423608,-0.001580130393349588,0.7579022147867502,0.009034772651039802
1442,1443.0,0.7488674421357104,0.7384458604941928,0.7382811342482242,-0.00016472624596863827,0.737476726068407,-0.0009691344257858336,0.7386276571898724,0.00018179669567963685,0.7367605574200036,-0.0016853030741892372,0.7488674421357104,0.01042158164151763
1443,1444.0,0.7384458604941928,0.725784273413874,0.7256631230165336,-0.00012115039734039712,0.7250192558257591,-0.0007650175881148691,0.725855250619706,7.09772058320457e-05,0.7266644547962146,0.0008801813823405835,0.7384458604941928,0.012661587080318837
1444,1445.0,0.725784273413874,0.7111273935508189,0.7110888636480086,-3.852990281028035e-05,0.711451482839734,0.00032408928891514144,0.7110239713321657,-0.00010342221865322632,0.7125785545587529,0.0014511610079339654,0.725784273413874,0.014656879863055083
1445,1446.0,0.7111273935508189,0.695879101106999,0.6959383240954146,5.922298841554152e-05,0.6979277764943232,0.002048675387324228,0.6957962873485746,-8.281375842444927e-05,0.6985785962219418,0.0026994951149428292,0.7111273935508189,0.015248292443819866
1446,1447.0,0.695879101106999,0.682668505379451,0.6826003970634356,-6.81083160154472e-05,0.6863140967219036,0.00364559134245257,0.6822973816883042,-0.0003711236911467797,0.6861963348116226,0.0035278294321715586,0.695879101106999,0.013210595727548013
1447,1448.0,0.682668505379451,0.6754684893004191,0.6747489653483075,-0.0007195239521116115,0.6795109005985154,0.004042411298096238,0.6743838111170817,-0.001084678183337462,0.6824882953803254,0.007019806079906266,0.682668505379451,0.007200016079031868
1448,1449.0,0.6754684893004191,0.6793422180339743,0.677614923219023,-0.0017272948149513745,0.6818519837134325,0.0025097656794581535,0.678075892292792,-0.0012663257411823503,0.6824369546348443,0.0030947366008700072,0.6754684893004191,-0.0038737287335551818
1449,1450.0,0.6793422180339743,0.6989367319253549,0.6968900836527634,-0.002046648272591489,0.6986705820332324,-0.0002661498921224803,0.6985701839464298,-0.0003665479789251025,0.6983538622981365,-0.0005828696272184297,0.6793422180339743,-0.01959451389138056
1450,1451.0,0.6989367319253549,0.7356758688878579,0.7350330000549792,-0.0006428688328786736,0.7337683001983398,-0.0019075686895180244,0.7365889516182578,0.0009130827303999167,0.7348677612938028,-0.0008081075940550297,0.6989367319253549,-0.03673913696250297
1451,1452.0,0.7356758688878579,0.786005619447496,0.7875018183243565,0.0014961988768604773,0.7854886114855636,-0.0005170079619324364,0.7869313730144235,0.0009257535669274786,0.777900544263138,-0.00810507518435799,0.7356758688878579,-0.050329750559638176
1452,1453.0,0.786005619447496,0.8431673224643639,0.8451306284252084,0.001963305960844486,0.8458256962891973,0.002658373824833471,0.8426384247267191,-0.0005288977376447512,0.8411260221231622,-0.002041300341201646,0.786005619447496,-0.05716170301686785
1453,1454.0,0.8431673224643639,0.9007894448769528,0.9013452694809582,0.0005558246040053838,0.9053399385881264,0.004550493711173664,0.8998616640980217,-0.0009277807789310755,0.8936343764411203,-0.007155068435832468,0.8431673224643639,-0.057622122412588905
1454,1455.0,0.9007894448769528,0.9549038675231651,0.9540207191045356,-0.0008831484186295757,0.9587816615307023,0.003877794007537183,0.9548410331628768,-6.28343602883108e-05,0.9450845115863095,-0.009819355936855678,0.9007894448769528,-0.05411442264621236
1455,1456.0,0.9549038675231651,1.0038637547761373,1.00256195849728,-0.0013017962788572923,1.00576263656221,0.0018988817860727814,1.0037490040537795,-0.0001147507223577815,0.9967556271649042,-0.007108127611233139,0.9549038675231651,-0.04895988725297218
1456,1457.0,1.0038637547761373,1.0474433606071392,1.0464784433626633,-0.0009649172444758936,1.0478903359714276,0.00044697536428839335,1.046851038126974,-0.0005923224801651639,1.04286888763304,-0.004574472974099075,1.0038637547761373,-0.043579605831001844
1457,1458.0,1.0474433606071392,1.0860203154090138,1.0852458473620037,-0.0007744680470100906,1.086309280436608,0.00028896502759412357,1.0856372337561027,-0.0003830816529111214,1.080985022043415,-0.005035293365598825,1.0474433606071392,-0.03857695480187462
1458,1459.0,1.0860203154090138,1.1200773644046818,1.1189339025955463,-0.0011434618091354931,1.1210860427020355,0.0010086782973537378,1.1199140154385212,-0.00016334896616054806,1.112335133773603,-0.007742230631078817,1.0860203154090138,-0.03405704899566797
1459,1460.0,1.1200773644046818,1.1499719516407474,1.148417039849208,-0.0015549117915394373,1.1517310426503136,0.0017590910095661716,1.1497535640966152,-0.00021838754413217032,1.143152506749432,-0.006819444891315474,1.1200773644046818,-0.02989458723606564
1460,1461.0,1.1499719516407474,1.1758705677104326,1.1744054674443676,-0.0014651002660650558,1.1778460243794262,0.0019754566689935693,1.175734145500368,-0.00013642221006460176,1.167073624616422,-0.00879694309401069,1.1499719516407474,-0.025898616069685243
1461,1462.0,1.1758705677104326,1.1977825755344076,1.1968559021858372,-0.0009266733485704393,1.1994129865839047,0.001630411049497127,1.1977248412166834,-5.773431772415627e-05,1.1893057350009548,-0.008476840533452767,1.1758705677104326,-0.021912007823974955
1462,1463.0,1.1977825755344076,1.2156765575268467,1.2153664051959538,-0.0003101523308928211,1.2167447247414769,0.0010681672146302112,1.2155306234933723,-0.00014593403347440415,1.2095340042227378,-0.006142553304108844,1.1977825755344076,-0.01789398199243908
1463,1464.0,1.2156765575268467,1.2296748762984129,1.2297277055896971,5.2829291284250957e-05,1.2303378649761312,0.0006629886777183014,1.229465130483039,-0.00020974581537380743,1.229001704942745,-0.000673171355667801,1.2156765575268467,-0.01399831877156621
1464,1465.0,1.2296748762984129,1.240304152866257,1.2402995366817844,-4.616184472672202e-06,1.2408361915343418,0.0005320386680847111,1.2399607951067664,-0.00034335775949068115,1.2403704067684063,6.625390214920479e-05,1.2296748762984129,-0.010629276567844181
1465,1466.0,1.240304152866257,1.248748149334785,1.2482537832862302,-0.0004943660485547952,1.24916576334053,0.00041761400574502616,1.248060021779772,-0.0006881275550130184,1.2495191816121023,0.0007710322773173406,1.240304152866257,-0.008443996468527892
1466,1467.0,1.248748149334785,1.2569556164989655,1.2556530494871578,-0.0013025670118076427,1.2567626510093028,-0.00019296548966263316,1.2560788938057579,-0.0008767226932075989,1.2581923596935725,0.0012367431946069818,1.248748149334785,-0.008207467164180526
1467,1468.0,1.2569556164989655,1.2672635952151965,1.2651868892101295,-0.0020767060050670416,1.2656419429757795,-0.0016216522394170152,1.2666334285480736,-0.0006301666671229,1.2682992168308278,0.0010356216156313103,1.2569556164989655,-0.010307978716231014
1468,1469.0,1.2672635952151965,1.2811430814734568,1.2790085271298222,-0.0021345543436346315,1.2778040315543637,-0.0033390499190930623,1.2810321095820396,-0.00011097189141717756,1.2829475355880182,0.0018044541145614268,1.2672635952151965,-0.013879486258260298
1469,1470.0,1.2811430814734568,1.2972496040133632,1.296401685241171,-0.0008479187721921466,1.2935019911437555,-0.003747612869607675,1.2978078668514659,0.0005582628381026744,1.2933341943307322,-0.003915409682631044,1.2811430814734568,-0.01610652253990641
1470,1471.0,1.2972496040133632,1.3102397435535271,1.3116777512313695,0.0014380076778424122,1.308896407994582,-0.001343335558945169,1.3111473022292688,0.0009075586757416598,1.3059604325904683,-0.00427931096305878,1.2972496040133632,-0.012990139540163925
1471,1472.0,1.3102397435535271,1.3124933875788667,1.3154436299703585,0.0029502423914917753,1.3154829941704027,0.0029896065915360204,1.3125571168845354,6.372930566866941e-05,1.3106402082306112,-0.0018531793482554626,1.3102397435535271,-0.002253644025339563
1472,1473.0,1.3124933875788667,1.2983834746829923,1.3007953688993519,0.002411894216359567,1.3040901510931504,0.005706676410158096,1.2973266296566055,-0.00105684502638681,1.2933591939796496,-0.0050242807033427095,1.3124933875788667,0.014109912895874377
1473,1474.0,1.2983834746829923,1.2669961377875885,1.2681996860138338,0.0012035482262453545,1.2714967590450659,0.004500621257477411,1.266687798250822,-0.0003083395367664554,1.2613536868021438,-0.005642450985444691,1.2983834746829923,0.03138733689540385
1474,1475.0,1.2669961377875885,1.221190659179185,1.2220833106797444,0.0008926515005593938,1.2222668090715085,0.001076149892323519,1.2219800809579473,0.0007894217787622893,1.2308329398636109,0.009642280684425852,1.2669961377875885,0.04580547860840345
1475,1476.0,1.221190659179185,1.1652452248777136,1.1663574071387492,0.0011121822610355991,1.1639097240265925,-0.0013355008511211075,1.1654727758063956,0.00022755092868198545,1.176694229552548,0.01144900467483434,1.221190659179185,0.055945434301471364
1476,1477.0,1.1652452248777136,1.1032522959566027,1.104260277488934,0.0010079815323313923,1.1018015620141999,-0.0014507339424028043,1.1030573904582257,-0.0001949054983769738,1.1085891088341895,0.005336812877586805,1.1652452248777136,0.06199292892111097
1477,1478.0,1.1032522959566027,1.0385195228974886,1.0389244419937096,0.0004049190962209792,1.0381894350653247,-0.0003300878321639278,1.0387867160918969,0.00026719319440826617,1.055458535133357,0.016939012235868356,1.1032522959566027,0.06473277305911407
1478,1479.0,1.0385195228974886,0.9735166313082853,0.9732913204450484,-0.00022531086323684946,0.973900002339945,0.0003833710316597516,0.9738597336473742,0.00034310233908896315,0.9797411649444083,0.006224533636123075,1.0385195228974886,0.06500289158920336
1479,1480.0,0.9735166313082853,0.9100089091353221,0.9095422101772797,-0.0004666989580424108,0.9099746273047434,-3.428183057863077e-05,0.9101388817734547,0.00012997263813263604,0.9227027365338109,0.012693827398488788,0.9735166313082853,0.06350772217296319
1480,1481.0,0.9100089091353221,0.8492116921698676,0.8488237022512738,-0.0003879899185937896,0.8480529884862168,-0.0011587036836507858,0.8493971017543698,0.00018540958450219414,0.8607779519028552,0.011566259732987638,0.9100089091353221,0.06079721696545448
1481,1482.0,0.8492116921698676,0.7919080871818376,0.7916321359567174,-0.00027595122512014125,0.7898364357067105,-0.002071651475127112,0.7921154736306641,0.0002073864488265631,0.804326483896638,0.012418396714800384,0.8492116921698676,0.05730360498803
1482,1483.0,0.7919080871818376,0.7385152158787374,0.7382548554826847,-0.00026036039605270567,0.7364016733101799,-0.002113542568557447,0.7386612910849648,0.0001460752062274473,0.7507631277190973,0.012247911840359893,0.7919080871818376,0.05339287130310022
1483,1484.0,0.7385152158787374,0.6891001395552879,0.6888035753725658,-0.0002965641827221699,0.6878675958692935,-0.0012325436859944583,0.6893553324792774,0.0002551929239894557,0.7000017195430409,0.010901579987752985,0.7385152158787374,0.049415076323449436
1484,1485.0,0.6891001395552879,0.643371285976703,0.6430468073817118,-0.00032447859499118437,0.6434972092065143,0.00012592322981130888,0.6437339570476988,0.0003626710709957459,0.6541756223246304,0.010804336347927435,0.6891001395552879,0.045728853578584916
1485,1486.0,0.643371285976703,0.6007293840863122,0.6003798020524177,-0.00034958203389445774,0.6020714503021893,0.0013420662158771801,0.6010821698853404,0.00035278579902819907,0.6054610554334513,0.004731671347139144,0.643371285976703,0.042641901890390854
1486,1487.0,0.6007293840863122,0.5605010204551143,0.5600875450590918,-0.00041347539602254457,0.5623828359398862,0.0018818154847719537,0.5609180880628782,0.00041706760776394347,0.5671132945039139,0.0066122740487996046,0.6007293840863122,0.04022836363119786
1487,1488.0,0.5605010204551143,0.5223477874708294,0.5218617988245262,-0.0004859886463032259,0.523806652512621,0.0014588650417916016,0.5227547906762449,0.0004070032054154238,0.5272533207393706,0.004905533268541151,0.5605010204551143,0.03815323298428486
1488,1489.0,0.5223477874708294,0.4865825851122217,0.4861750404695709,-0.00040754464265080337,0.486813257080653,0.00023067196843129523,0.4867260002837759,0.00014341517155419536,0.493125439737565,0.0065428546253433195,0.5223477874708294,0.03576520235860775
1489,1490.0,0.4865825851122217,0.4541585139267768,0.4540745379309559,-8.397599582088411e-05,0.4530419425923469,-0.0011165713344298833,0.45413012606664077,-2.8387860136036558e-05,0.4585742572535461,0.004415743326769306,0.4865825851122217,0.03242407118544488
1490,1491.0,0.4541585139267768,0.42651001995037136,0.42677760829961653,0.0002675883492451736,0.42479166527969564,-0.0017183546706757147,0.42650525219241797,-4.767757953383356e-06,0.4299232928161043,0.0034132728657329525,0.4541585139267768,0.027648493976405453
1491,1492.0,0.42651001995037136,0.4055915667040562,0.40589557669452936,0.0003040099904731419,0.4044617956474411,-0.0011297710566151031,0.4055162719629446,-7.529474111162004e-05,0.41119860877548164,0.005607042071425428,0.42651001995037136,0.02091845324631514
1492,1493.0,0.4055915667040562,0.39419087267496167,0.3940858633137173,-0.000105009361244357,0.39452253726640596,0.0003316645914442917,0.3938288964891885,-0.0003619761857731607,0.3952290216602209,0.001038148985259224,0.4055915667040562,0.011400694029094549
1493,1494.0,0.39419087267496167,0.3962763861793399,0.3954088255004755,-0.0008675606788643986,0.3979270600695338,0.00165067389019391,0.39544315814495457,-0.0008332280343853471,0.3999239964459913,0.003647610266651391,0.39419087267496167,-0.0020855135043782447
1494,1495.0,0.3962763861793399,0.4167476078113998,0.4151776707635826,-0.0015699370478172159,0.41837669933459287,0.0016290915231930714,0.4156564659338504,-0.0010911418775493842,0.42758600036551153,0.010838392554111731,0.3962763861793399,-0.02047122163205989
1495,1496.0,0.4167476078113998,0.45952912215148356,0.45844430765142397,-0.0010848145000595943,0.4595651747043293,3.6052552845722285e-05,0.4592324338278922,-0.0002966883235913653,0.4664621778170753,0.006933055665591714,0.4167476078113998,-0.04278151434008376
1496,1497.0,0.45952912215148356,0.5239147746553175,0.5255355690427295,0.0016207943874119168,0.5224722986615433,-0.0014424759937742282,0.5253433246477441,0.0014285499924265865,0.517386938891202,-0.0065278357641155305,0.45952912215148356,-0.06438565250383399
1497,1498.0,0.5239147746553175,0.6025112606501142,0.6072064484843727,0.004695187834258485,0.6016395392392282,-0.0008717214108859839,0.604086360870798,0.001575100220683856,0.5971837673018348,-0.005327493348279422,0.5239147746553175,-0.07859648599479663
1498,1499.0,0.6025112606501142,0.6843809364318751,0.6887566427793831,0.004375706347507946,0.6852826856268919,0.0009017491950167322,0.683809993851504,-0.0005709425803711587,0.6709464123220634,-0.013434524109811719,0.6025112606501142,-0.08186967578176096
1499,1500.0,0.6843809364318751,0.7603205910348201,0.7613699392530264,0.0010493482182063474,0.7617780492605478,0.0014574582257277369,0.7594930158090342,-0.0008275752257859148,0.7540049265371184,-0.006315664497701712,0.6843809364318751,-0.07593965460294494
1500,1501.0,0.7603205910348201,0.8251914864300014,0.8234776204647629,-0.0017138659652384813,0.8255470454379648,0.0003555590079633575,0.8260653475857884,0.0008738611557870257,0.8192831985091543,-0.005908287920847077,0.7603205910348201,-0.06487089539518132
1501,1502.0,0.8251914864300014,0.877243181342729,0.8750367862396664,-0.0022063951030626416,0.8764465317076173,-0.0007966496351117236,0.8779819834740689,0.0007388021313398108,0.8823350967900792,0.005091915447350104,0.8251914864300014,-0.05205169491272765
1502,1503.0,0.877243181342729,0.9166483531787074,0.9156400078931166,-0.0010083452855907948,0.9159836123033029,-0.0006647408754044681,0.9166579970217072,9.643842999840224e-06,0.9222871644949066,0.005638811316199144,0.877243181342729,-0.03940517183597836
1503,1504.0,0.9166483531787074,0.9443985120870452,0.9444909042615741,9.239217452894355e-05,0.945010366456419,0.0006118543693738321,0.9449126888776908,0.0005141767906455819,0.9488805841651466,0.004482072078101473,0.9166483531787074,-0.027750158908337763
1504,1505.0,0.9443985120870452,0.9617168513209927,0.9617715437342532,5.4692413260504225e-05,0.9636406504159258,0.0019237990949331207,0.9625622501692461,0.0008453988482534092,0.962504372902346,0.0007875215813533121,0.9443985120870452,-0.017318339233947544
1505,1506.0,0.9617168513209927,0.9698569875740586,0.9694782341704213,-0.0003787534036372442,0.9720916017847789,0.0022346142107203537,0.9705093380735065,0.0006523504994478957,0.969397642013447,-0.00045934556061155707,0.9617168513209927,-0.008140136253065866
1506,1507.0,0.9698569875740586,0.9701154573973901,0.9698987290590311,-0.00021672833835906236,0.9713686584387575,0.001253201041367391,0.9708669171763293,0.0007514597789392008,0.972036409416529,0.0019209520191388885,0.9698569875740586,-0.000258469823331553
1507,1508.0,0.9701154573973901,0.9639017183252949,0.9644629073784489,0.0005611890531539432,0.9634183806992118,-0.0004833376260831024,0.9647336398313484,0.0008319215060534901,0.9671346212787858,0.0032329029534908793,0.9701154573973901,0.006213739072095215
1508,1509.0,0.9639017183252949,0.9527965615885046,0.9542146445074311,0.0014180829189265332,0.9508148968787964,-0.001981664709708175,0.9534105469142934,0.0006139853257888239,0.9521934159466287,-0.0006031456418759129,0.9639017183252949,0.011105156736790356
1509,1510.0,0.9527965615885046,0.9386254473937352,0.9404896671381042,0.0018642197443690112,0.9362618037681056,-0.0023636436256295745,0.9391174847116099,0.0004920373178747273,0.941189130123971,0.0025636827302357723,0.9527965615885046,0.014171114194769352
1510,1511.0,0.9386254473937352,0.9235939361264004,0.9252677858474284,0.00167384972102802,0.9222452048857405,-0.0013487312406599283,0.923908759351673,0.0003148232252726535,0.9262394377343977,0.002645501607997258,0.9386254473937352,0.015031511267334818
1511,1512.0,0.9235939361264004,0.9104822519668725,0.911377177970151,0.0008949260032785622,0.9110448126615893,0.0005625606947168293,0.9102767414331678,-0.00020551053370465588,0.9141915975161911,0.0037093455493185656,0.9235939361264004,0.013111684159527903
1512,1513.0,0.9104822519668725,0.9027703789429712,0.9025123866807885,-0.00025799226218270466,0.9050688243676226,0.0022984454246514074,0.9022488147738453,-0.0005215641691258543,0.9025235565054124,-0.0002468224375588024,0.9104822519668725,0.007711873023901306
1513,1514.0,0.9027703789429712,0.9043605917952706,0.9029730087718474,-0.0013875830234232334,0.9071861701543394,0.0028255783590688255,0.9040096818745028,-0.0003509099207678057,0.9033901014708996,-0.0009704903243710206,0.9027703789429712,-0.001590212852299433
1514,1515.0,0.9043605917952706,0.9185444750362426,0.9166520172764869,-0.0018924577597556613,0.9204368335686341,0.0018923585323915582,0.9183390182103502,-0.00020545682589234726,0.9155088221376358,-0.0030356528986067444,0.9043605917952706,-0.014183883240971973
1515,1516.0,0.9185444750362426,0.9464373309944455,0.945034744082566,-0.0014025869118794443,0.9466409250044229,0.00020359400997738142,0.9462502902009459,-0.00018704079349962655,0.942149796762395,-0.004287534232050527,0.9185444750362426,-0.0278928559582029
1516,1517.0,0.9464373309944455,0.9856524324928756,0.9856187801462772,-3.365234659835625e-05,0.9845437172134823,-0.0011087152793932686,0.9857771776861498,0.00012474519327421163,0.9849729342896139,-0.0006794982032617414,0.9464373309944455,-0.039215101498430105
1517,1518.0,0.9856524324928756,1.029929333658055,1.031731207314315,0.0018018736562599447,1.0289207666270843,-0.0010085670309707417,1.030694275986261,0.0007649423282058976,1.0264335492865202,-0.00349578437153486,0.9856524324928756,-0.04427690116517946
1518,1519.0,1.029929333658055,1.070898360396836,1.073633634117126,0.0027352737202899213,1.0713860648508744,0.0004877044540383402,1.0713467963987202,0.000448436001884156,1.0696745244685764,-0.0012238359282596978,1.029929333658055,-0.040969026738781
1519,1520.0,1.070898360396836,1.101968129763443,1.1035340977695578,0.0015659680061148595,1.103648542728218,0.0016804129647751687,1.101161090357749,-0.0008070394056940433,1.1022123960120378,0.0002442662485948599,1.070898360396836,-0.03106976936660688
1520,1521.0,1.101968129763443,1.1209840739413732,1.1207259347857705,-0.00025813915560268796,1.1221634841678922,0.0011794102265190176,1.120487041170887,-0.0004970327704862942,1.123613750337931,0.0026296763965578673,1.101968129763443,-0.01901594417793029
1521,1522.0,1.1209840739413732,1.1296252773343831,1.1287055266089476,-0.0009197507254354864,1.1293950385382945,-0.00023023879608863318,1.1301008889459694,0.0004756116115862685,1.1320962678652775,0.0024709905308943902,1.1209840739413732,-0.008641203393009889
1522,1523.0,1.1296252773343831,1.1313700739386439,1.1307909134579455,-0.000579160480698393,1.1304652632651018,-0.0009048106735420891,1.131267928121337,-0.00010214581730694228,1.1316700070145145,0.00029993307587061757,1.1296252773343831,-0.0017447966042607455
1523,1524.0,1.1313700739386439,1.1299460162260722,1.1298526541186364,-9.336210743571272e-05,1.1296344471455804,-0.00031156908049179144,1.1292912185858734,-0.0006547976401987121,1.1302331591421824,0.0002871429161102057,1.1313700739386439,0.0014240577125717024
1524,1525.0,1.1299460162260722,1.1285678388551914,1.128681561836506,0.00011372298131462344,1.1293993407732459,0.000831501918054478,1.1282791158690317,-0.00028872298615967296,1.1273663372486153,-0.0012015016065760609,1.1299460162260722,0.001378177370880751
1525,1526.0,1.1285678388551914,1.1296236664418318,1.1298204752590446,0.0001968088172128457,1.131215729473269,0.0015920630314372186,1.1293935520542515,-0.00023011438758024916,1.1263535477237856,-0.0032701187180461666,1.1285678388551914,-0.0010558275866403566
1526,1527.0,1.1296236664418318,1.1345380771122928,1.13490892517173,0.0003708480594371011,1.1361289202745493,0.001590843162256439,1.1340862206140583,-0.00045185649823453744,1.1316239965499082,-0.0029140805623846244,1.1296236664418318,-0.004914410670461056
1527,1528.0,1.1345380771122928,1.1437170360523081,1.1442151186966054,0.000498082644297293,1.1447255349790901,0.0010084989267820088,1.1433459164619175,-0.0003711195903906006,1.1442257541999163,0.0005087181476082225,1.1345380771122928,-0.009178958940015303
1528,1529.0,1.1437170360523081,1.1565920062570856,1.156936647363422,0.000344641106336363,1.1567553896580542,0.0001633834009686641,1.1562606685183456,-0.0003313377387399452,1.1549996570321737,-0.0015923492249119153,1.1437170360523081,-0.012874970204777458
1529,1530.0,1.1565920062570856,1.1717976612222147,1.1716567725812237,-0.0001408886409910437,1.1709585386334667,-0.0008391225887480758,1.1713423854197733,-0.00045527580244142385,1.1718157955473412,1.8134325126428763e-05,1.1565920062570856,-0.015205654965129156
1530,1531.0,1.1717976612222147,1.1874210783328798,1.1865689056497557,-0.0008521726831240972,1.1853256625657074,-0.002095415767172426,1.1870641749005997,-0.0003569034322801201,1.1854330632342778,-0.001988015098602025,1.1717976612222147,-0.015623417110665061
1531,1532.0,1.1874210783328798,1.2010943058482801,1.1996240414025752,-0.0014702644457049718,1.1975755279520826,-0.003518777896197589,1.2010574879895106,-3.681785876952226e-05,1.203208039725655,0.0021137338773749015,1.1874210783328798,-0.013673227515400344
1532,1533.0,1.2010943058482801,1.2096717842592648,1.2082720432614038,-0.0013997409978609987,1.2053276213838053,-0.0043441628754594674,1.2100848935215807,0.0004131092623158583,1.2095697232243932,-0.00010206103487164775,1.2010943058482801,-0.008577478410984662
1533,1534.0,1.2096717842592648,1.208760710817824,1.208497351756741,-0.00026335906108299056,1.205568209781028,-0.003192501036795914,1.2097334727827809,0.0009727619649568808,1.216145861818012,0.007385151000188106,1.2096717842592648,0.0009110734414408128
1534,1535.0,1.208760710817824,1.1935595863837618,1.1945290125679362,0.0009694261841743934,1.1939636131202864,0.00040402673652462084,1.1941036674913226,0.0005440811075607677,1.1993476370399379,0.005788050656176047,1.208760710817824,0.015201124434062185
1535,1536.0,1.1935595863837618,1.162119265377637,1.1624245256496402,0.0003052602720030606,1.1661839267400353,0.0040646613623982475,1.160669730194375,-0.001449535183262185,1.1637353581336807,0.0016160927560435745,1.1935595863837618,0.031440321006124705
1536,1537.0,1.162119265377637,1.1176898661532133,1.1161617932741625,-0.001528072879050768,1.122322485708977,0.004632619555763773,1.1161195212438388,-0.001570344909374466,1.121453073137866,0.0037632069846527116,1.162119265377637,0.04442939922442379
1537,1538.0,1.1176898661532133,1.0664598413119117,1.0647240836116731,-0.0017357577002385938,1.0689391338727399,0.002479292560828128,1.067307946479981,0.0008481051680693241,1.0695257786247012,0.0030659373127894796,1.1176898661532133,0.05123002484130157
1538,1539.0,1.0664598413119117,1.0140561746369445,1.0132534787204313,-0.0008026959165132741,1.0143088707427916,0.00025269610584710556,1.0146541735453392,0.0005979989083946258,1.0110575655354943,-0.0029986091014502225,1.0664598413119117,0.05240366667496721
1539,1540.0,1.0140561746369445,0.9641924653116235,0.9639513887313473,-0.00024107658027616718,0.9635329932064854,-0.0006594721051380592,0.9635040260432229,-0.0006884392684005647,0.9660747550504623,0.0018822897388387494,1.0140561746369445,0.049863709325321026
1540,1541.0,0.9641924653116235,0.9187823602193514,0.9185332178179166,-0.0002491424014348098,0.9182821050628687,-0.0005002551564827762,0.9190099860083909,0.00022762578903945396,0.9162036334045849,-0.002578726814766563,0.9641924653116235,0.04541010509227206
1541,1542.0,0.9187823602193514,0.8783477797801769,0.8779351446602175,-0.0004126351199593703,0.8784480996232104,0.00010031984303349173,0.8790861899053778,0.0007384101252009279,0.8799442251444461,0.0015964453642692833,0.9187823602193514,0.04043458043917458
1542,1543.0,0.8783477797801769,0.8423798447843204,0.842038856856072,-0.00034098792824832636,0.8431201029177062,0.0007402581333858516,0.8425206348698404,0.00014079008552003724,0.8452192321200693,0.002839387335748955,0.8783477797801769,0.03596793499585649
1543,1544.0,0.8423798447843204,0.8096842622712742,0.8095855359620812,-9.872630919305347e-05,0.8108590891075113,0.0011748268362370418,0.8098446636670678,0.0001604013957935413,0.8113179145597432,0.001633652288469012,0.8423798447843204,0.03269558251304616
1544,1545.0,0.8096842622712742,0.778768433967713,0.7787951320698012,2.6698102088218434e-05,0.7799667885224202,0.0011983545547071817,0.7791359957552071,0.0003675617874940862,0.7778510041760002,-0.0009174297917128316,0.8096842622712742,0.03091582830356121
1545,1546.0,0.778768433967713,0.7482515871779989,0.7482539668240444,2.37964604554719e-06,0.7489667272050837,0.0007151400270848374,0.748384273515362,0.0001326863373630749,0.7468228740989253,-0.0014287130790735514,0.778768433967713,0.030516846789714114
1546,1547.0,0.7482515871779989,0.7172074573002474,0.7171923313564981,-1.5125943749305648e-05,0.7170694699176112,-0.00013798738263615107,0.7173183599172841,0.00011090261703672333,0.7170844333139741,-0.00012302398627328515,0.7482515871779989,0.031044129877751514
1547,1548.0,0.7172074573002474,0.6853356678708866,0.6853938645030477,5.8196632161111594e-05,0.6843511806398207,-0.0009844872310659225,0.6856248925396374,0.0002892246687508093,0.6836984887669123,-0.0016371791039743178,0.7172074573002474,0.03187178942936075
1548,1549.0,0.6853356678708866,0.6529352912071116,0.6531850196906742,0.000249728483562639,0.651579022748872,-0.0013562684582395512,0.653112665357303,0.00017737415019136726,0.652149955031285,-0.0007853361758265454,0.6853356678708866,0.03240037666377504
1549,1550.0,0.6529352912071116,0.6207825635061346,0.6213478749628842,0.0005653114567496509,0.6198516779437109,-0.0009308855624237111,0.6209249903558187,0.00014242684968412966,0.6245673402422642,0.003784776736129647,0.6529352912071116,0.03215272770097699
1550,1551.0,0.6207825635061346,0.5900865575153841,0.5909941238715177,0.0009075663561336489,0.5903460115491277,0.0002594540337436113,0.5904153107748901,0.0003287532595059872,0.5949138261333733,0.004827268617989211,0.6207825635061346,0.030696005990750508
1551,1552.0,0.5900865575153841,0.5626427120481358,0.5636763233659696,0.0010336113178338602,0.5644001697527516,0.0017574577046158835,0.5626373754301186,-5.3366180171599e-06,0.5613404759511857,-0.0013022360969500157,0.5900865575153841,0.027443845467248318
1552,1553.0,0.5626427120481358,0.5411389175957048,0.5417900953104049,0.0006511777147001352,0.5439497085712065,0.0028107909755017424,0.5404335733038061,-0.000705344291898613,0.5493748320171727,0.008235914421467982,0.5626427120481358,0.021503794452431002
1553,1554.0,0.5411389175957048,0.529340104545305,0.5290405397799586,-0.0002995647653464273,0.5320541852949418,0.002714080749636749,0.5284586519816006,-0.0008814525637044213,0.5362793694633721,0.006939264918067067,0.5411389175957048,0.011798813050399759
1554,1555.0,0.529340104545305,0.5317047297777371,0.5303031341713987,-0.0014015956063383461,0.5329799318867974,0.0012752021090602916,0.5310687288781939,-0.0006360008995431876,0.5318744100663081,0.0001696802885710058,0.529340104545305,-0.0023646252324320827
1555,1556.0,0.5317047297777371,0.5520065090397822,0.5501850724803481,-0.0018214365594341198,0.5512358739712767,-0.0007706350685054986,0.5518292227616464,-0.0001772862781358464,0.5532454362112824,0.0012389271715002037,0.5317047297777371,-0.020301779262045128
1556,1557.0,0.5520065090397822,0.5911456924992802,0.5902112255514591,-0.0009344669478210665,0.5893063036531895,-0.0018393888460906949,0.5916562737797992,0.0005105812805190624,0.5948036126185288,0.003657920119248592,0.5520065090397822,-0.03913918345949796
1557,1558.0,0.5911456924992802,0.6458374657402599,0.6463020866669248,0.00046462092666488264,0.6450096236984304,-0.0008278420418295074,0.6463894851746953,0.0005520194344353913,0.6505769887582123,0.004739523017952441,0.5911456924992802,-0.054691773240979735
1558,1559.0,0.6458374657402599,0.7098740731270253,0.7106054783915806,0.0007314052645552849,0.7112619933539571,0.0013879202269317936,0.7095292740217445,-0.00034479910528084634,0.7118767421003032,0.0020026689732778324,0.6458374657402599,-0.06403660738676542
1559,1560.0,0.7098740731270253,0.776848926564901,0.7766878866950546,-0.00016103986984639107,0.7796546542394674,0.0028057276745664383,0.7762300641386342,-0.000618862426266853,0.7803767645848695,0.0035278380199684767,0.7098740731270253,-0.06697485343787568
1560,1561.0,0.776848926564901,0.8419499477059065,0.8411042259028476,-0.0008457218030588631,0.8444711109821694,0.00252116327626295,0.8419127331765293,-3.7214529377216365e-05,0.8399677457073474,-0.00198220199855903,0.776848926564901,-0.06510102114100547
1561,1562.0,0.8419499477059065,0.9021991018964567,0.9015971913077483,-0.0006019105887083986,0.903489732600029,0.0012906307035722708,0.9022536162016381,5.451430518144118e-05,0.896676702061643,-0.005522399834813729,0.8419499477059065,-0.060249154190550214
1562,1563.0,0.9021991018964567,0.9559222219802033,0.9561569566209929,0.00023473464078960227,0.956273266183575,0.0003510442033717309,0.9557691737604713,-0.00015304821973194382,0.9487312713872446,-0.007190950592958711,0.9021991018964567,-0.05372312008374658
1563,1564.0,0.9559222219802033,1.0021767043212042,1.0029969578297822,0.0008202535085779505,1.0024845537135867,0.00030784939238248654,1.0022082222128768,3.1517891672550036e-05,0.9964200315217417,-0.005756672799462459,0.9559222219802033,-0.046254482341000935
1564,1565.0,1.0021767043212042,1.0404144602210275,1.0411078968888698,0.0006934366678423842,1.0413579984727064,0.0009435382516789215,1.0406527391833942,0.00023827896236672252,1.039545100862322,-0.0008693593587054682,1.0021767043212042,-0.038237755899823256
1565,1566.0,1.0404144602210275,1.070377116412059,1.0706290624855097,0.00025194607345069286,1.0720162419474817,0.0016391255354226697,1.0706320644044385,0.00025494799237946175,1.0712184135790377,0.0008412971669786717,1.0404144602210275,-0.029962656191031556
1566,1567.0,1.070377116412059,1.0921129195069723,1.0922226111093178,0.00010969160234552966,1.0939943132537546,0.0018813937467823116,1.0924340496543976,0.000321130147425297,1.093409409773856,0.0012964902668837208,1.070377116412059,-0.021735803094913297
1567,1568.0,1.0921129195069723,1.1060117615256653,1.1064355622825652,0.00042380075689996133,1.1075714692281986,0.0015597077025333306,1.1063794614157536,0.0003676998900883355,1.1084715421939704,0.0024597806683051004,1.0921129195069723,-0.013898842018692958
1568,1569.0,1.1060117615256653,1.1128268814910927,1.1137850932154405,0.0009582117243478461,1.1137966072176275,0.0009697257265348647,1.1131053505973387,0.0002784691062460709,1.1186901796135882,0.0058632981224955305,1.1060117615256653,-0.006815119965427385
1569,1570.0,1.1128268814910927,1.1137161112944527,1.1150988078170214,0.001382696522568727,1.1142934630066554,0.000577351712202745,1.1138855860441748,0.000169474749722065,1.1199143568217698,0.00619824552731707,1.1128268814910927,-0.0008892298033600365
1570,1571.0,1.1137161112944527,1.110339746544649,1.1117872542457914,0.0014475077011424364,1.1110317710095199,0.0006920244648709328,1.1103443207860908,4.574241441845928e-06,1.117104876004967,0.006765129460318153,1.1137161112944527,0.0033763647498037397
1571,1572.0,1.110339746544649,1.1049912505880388,1.1060438503294172,0.0010525997413783905,1.1062295160044622,0.0012382654164233564,1.1046895041649496,-0.00030174642308922195,1.108894265614909,0.0039030150268701824,1.110339746544649,0.005348495956610133
1572,1573.0,1.1049912505880388,1.1006413714686847,1.1008877797069863,0.00024640823830157643,1.1024115128623684,0.0017701413936836996,1.100105719399962,-0.0005356520687227473,1.1052540098035912,0.004612638334906549,1.1049912505880388,0.004349879119354139
1573,1574.0,1.1006413714686847,1.1006892838210567,1.0999244396067138,-0.0007648442143428635,1.102448103960494,0.0017588201394374003,1.1001270562517962,-0.0005622275692604983,1.1046968774072254,0.004007593586168756,1.1006413714686847,-4.791235237200375e-05
1574,1575.0,1.1006892838210567,1.1082365617059173,1.106610797027443,-0.0016257646784743063,1.1092338863433178,0.0009973246374004319,1.1077072517758522,-0.0005293099300651694,1.111385095407487,0.0031485337015697556,1.1006892838210567,-0.007547277884860648
1575,1576.0,1.1082365617059173,1.124969986947318,1.1229583714732316,-0.002011615474086348,1.124737733901393,-0.0002322530459248906,1.1245135559235695,-0.00045643102374848254,1.1250488988202096,7.891187289166268e-05,1.1082365617059173,-0.016733425241400646
1576,1577.0,1.124969986947318,1.149979561702411,1.1482656082050062,-0.0017139534974046633,1.1486776193595851,-0.0013019423428257682,1.1498756557792458,-0.00010390592316511515,1.136701350978647,-0.013278210723763895,1.124969986947318,-0.02500957475509291
1577,1578.0,1.149979561702411,1.1788357508147953,1.178273154812701,-0.0005625960020942955,1.1774842107084567,-0.0013515401063386445,1.1795035919659955,0.0006678411512002214,1.1665989314983358,-0.01223681931645948,1.149979561702411,-0.02885618911238441
1578,1579.0,1.1788357508147953,1.2037761094225323,1.2047865795305832,0.001010470108050887,1.20400873173226,0.0002326223097277591,1.2048804587234156,0.0011043493008833227,1.2023735733254006,-0.0014025360971317014,1.1788357508147953,-0.024940358607737023
1579,1580.0,1.2037761094225323,1.2163394967485244,1.2178605070867767,0.0015210103382523599,1.21885309533284,0.002513598584315657,1.2164904368364549,0.00015094008793048452,1.2195332110864654,0.0031937143379410227,1.2037761094225323,-0.012563387325992048
1580,1581.0,1.2163394967485244,1.2114860526240314,1.211802913225665,0.00031686060163349516,1.2145850344912523,0.003098981867220907,1.210557700130427,-0.0009283524936043452,1.2177766139511497,0.006290561327118249,1.2163394967485244,0.004853444124492956
1581,1582.0,1.2114860526240314,1.189465624904632,1.1885166687795383,-0.000948956125093714,1.1905347593930358,0.0010691344884037335,1.1893021212491697,-0.00016350365546236034,1.1962423536034474,0.006776728698815404,1.2114860526240314,0.022020427719399382
1582,1583.0,1.189465624904632,1.1542157671888051,1.153290659783482,-0.0009251074053231445,1.152604182746848,-0.0016115844419570813,1.154899809753724,0.0006840425649188298,1.1590220969227119,0.004806329733906711,1.189465624904632,0.03524985771582689
1583,1584.0,1.1542157671888051,1.1107742004059875,1.1106257281034946,-0.0001484723024929302,1.1082016969454338,-0.00257250346055371,1.110841059577836,6.685917184845458e-05,1.1078401400171252,-0.0029340603888623473,1.1542157671888051,0.04344156678281763
1584,1585.0,1.1107742004059875,1.063681715441832,1.0641195340955762,0.00043781865374414863,1.0622361824266262,-0.001445533015205891,1.063431499535684,-0.0002502159061481546,1.0685264720450962,0.004844756603264111,1.1107742004059875,0.04709248496415541
1585,1586.0,1.063681715441832,1.0164738352954652,1.0170278792592005,0.0005540439637352623,1.0169284711227478,0.0004546358272825568,1.0166208995963937,0.00014706430092847889,1.0136407585323228,-0.0028330767631423726,1.063681715441832,0.0472078801463669
1586,1587.0,1.0164738352954652,0.9717111817154259,0.9721959117343357,0.00048473001890980694,0.9734665623953165,0.0017553806798905613,0.9718420922594668,0.00013091054404090752,0.9730103086518102,0.0012991269363842317,1.0164738352954652,0.04476265358003928
1587,1588.0,0.9717111817154259,0.9311324012953629,0.9315911040616554,0.00045870276629245144,0.9331203700845232,0.0019879687891602993,0.931065737683248,-6.666361211493665e-05,0.9339939063589755,0.0028615050636126016,0.9717111817154259,0.04057878042006302
1588,1589.0,0.9311324012953629,0.8957272704613595,0.8961259437532051,0.0003986732918456193,0.8972036571017573,0.001476386640397842,0.8957479329924513,2.0662531091786285e-05,0.8960791512161062,0.0003518807547466807,0.9311324012953629,0.03540513083400343
1589,1590.0,0.8957272704613595,0.8656607972558418,0.8658906855343538,0.00022988827851200266,0.8664411118330609,0.0007803145772191655,0.8657737255926192,0.0001129283367774514,0.8677679929737411,0.0021071957178993017,0.8957272704613595,0.030066473205517696
1590,1591.0,0.8656607972558418,0.8400905734879867,0.840181441389593,9.086790160639513e-05,0.8403955418806844,0.00030496839269777976,0.8403218343812988,0.00023126089331215738,0.8391944784049241,-0.0008960950830625425,0.8656607972558418,0.025570223767855116
1591,1592.0,0.8400905734879867,0.8170608339163535,0.8172029039573232,0.00014207004096966624,0.8172802655478013,0.0002194316314477751,0.8175648419603982,0.0005040080440447126,0.813466684640977,-0.0035941492753764903,0.8400905734879867,0.023029739571633123
1592,1593.0,0.8170608339163535,0.79376549253816,0.7941034533337101,0.0003379607955501518,0.7942589902012277,0.0004934976630677212,0.7943297190916964,0.0005642265535363844,0.785369436161448,-0.008396056376711925,0.8170608339163535,0.023295341378193557
1593,1594.0,0.79376549253816,0.7673729047212849,0.767838883684368,0.0004659789630830913,0.7682674662525165,0.0008945615312315747,0.7676706946750524,0.00029778995376750217,0.759625498955518,-0.007747405765766935,0.79376549253816,0.026392587816875035
1594,1595.0,0.7673729047212849,0.7362259535039554,0.7365983914483849,0.0003724379444295378,0.7372278024431114,0.0010018489391560026,0.7362933954777781,6.744197382269057e-05,0.7363623634464391,0.0001364099424837617,0.7673729047212849,0.031146951217329577
1595,1596.0,0.7362259535039554,0.7007384215779048,0.700964875829362,0.00022645425145717546,0.7012041541205825,0.00046573254267767705,0.7007053532875449,-3.306829035987224e-05,0.7023986694072862,0.001660247829381456,0.7362259535039554,0.035487531926050586
1596,1597.0,0.7007384215779048,0.6632459258872936,0.6637304101773744,0.0004844842900808555,0.6627499433624287,-0.0004959825248649352,0.6631799995747066,-6.592631258695025e-05,0.6650401822446143,0.0017942563573206671,0.7007384215779048,0.037492495690611194
1597,1598.0,0.6632459258872936,0.6269974868236599,0.6281871716655312,0.001189684841871319,0.6259028975089953,-0.0010945893146645513,0.6269177446315084,-7.974219215145517e-05,0.6251377634757774,-0.0018597233478824249,0.6632459258872936,0.03624843906363373
1598,1599.0,0.6269974868236599,0.5953193995139756,0.5969882743511624,0.0016688748371868067,0.5945390673635231,-0.0007803321504524785,0.5951103185498237,-0.0002090809641519531,0.5916090289196793,-0.0037103705942963527,0.6269974868236599,0.031678087309684244
